{
  "initial_cash":200000.0,
  "final_equity":810120.6578723051,
  "total_return":3.0506032894,
  "annual_return":0.1828844801,
  "annual_volatility":0.2323304673,
  "sharpe_like":0.7871739004,
  "max_drawdown":-0.4520787399
}