{
  "initial_cash":200000.0,
  "final_equity":370303.9239227038,
  "total_return":0.8515196196,
  "annual_return":0.0767651693,
  "annual_volatility":0.2031157877,
  "sharpe_like":0.3779379742,
  "max_drawdown":-0.3486712767
}